{
    "e3f44260-38e8-42ea-9cb6-01333abe4198": 207.708916944,
    "593c52d9-85a0-4ac0-9478-e924e2e5fd96_temp": 0.118478801,
    "593c52d9-85a0-4ac0-9478-e924e2e5fd96": 0.368034729,
    "6afea834-e04a-4ade-9c57-10187b95b286": 0.094308108,
    "7da005b8-add8-4146-a838-842793de9c24": 0.008390258,
    "56d466ea-a931-45ec-99e5-90b79d7fe656": 0.076599352,
    "6ab21458-2ad2-40e0-b012-af4c20884ff2": 0.00028279,
    "2e5240ea-805f-4aa7-b2cd-1da210292b2a": 0.067230132,
    "aa34e919-60e9-4b14-bf3f-80a67574d304": 204.934564403,
    "a6cd1b40-be32-4e84-9a51-f77db44e0c8c": 0.297152811,
    "3b23927c-6762-45f1-aa88-f9abb3f209ee": 134.240628186,
    "f0b48515-5720-41cd-99e0-a4993c8f3771": 0.049667579,
    "2ee509b3-0f78-40e6-8a54-5fbacd4c743e": 9.904e-06,
    "8e42a667-ceef-4f34-a869-c24940d3db41": 0.103502485,
    "edb2bb29-af12-4402-bdc6-48f6e2ac1aa7": 1.0052e-05,
    "df493b8b-ff65-4ba4-903a-f14d3f538e15": 9.489e-06,
    "998e6f20-f808-442d-912c-b3af0dca2303": 0.309831466,
    "830d5650-7a8e-4d1b-bcde-6a2ace9d99a5": 0.452244549,
    "0f494f1e-05ca-4d0b-b663-53d7e0631018": 0.745858102,
    "6d2f051e-a868-43fe-975f-7d91d4a1a552": 0.888264148,
    "98db7487-1510-43d0-91b6-0307a3693c90": 134.594758617,
    "337cd0d6-fca3-4773-aab4-1ff2326e3da4": 135.167148634,
    "1aa06d0e-ac4c-47db-b843-e63aa1b65a80": 205.403880994,
    "8a9193f1-473a-4e40-a454-a2aee5479a6a": 205.600713587,
    "dc6daa70-cd9e-4133-99dc-aa4b903569e4": 205.961765679,
    "1521478f-c7f7-482d-aaf6-4b9e7fed85e3": 206.214655172,
    "85b1b70e-5afd-4dd3-8edc-29227b71ce0e": 206.70046597,
    "7da005b8-add8-4146-a838-842793de9c24_temp": 0.000106223,
    "18fa0318-9b9a-4ad0-934c-796c6e48b079_temp": 2.8164e-05,
    "18fa0318-9b9a-4ad0-934c-796c6e48b079": 0.000192762,
    "8e42a667-ceef-4f34-a869-c24940d3db41_temp": 0.000259792,
    "3b23927c-6762-45f1-aa88-f9abb3f209ee_temp": 1.07118824,
    "0687ffbb-cf21-4d96-9c5d-84e25e3c8c18": 0.126616722,
    "aa34e919-60e9-4b14-bf3f-80a67574d304_temp": 135.370563709,
    "d805404f-38bc-4a19-88e4-d9b411eb0941_temp": 206.998361243,
    "d805404f-38bc-4a19-88e4-d9b411eb0941": 207.340070182,
    "dab5ecb9-154c-45a3-9915-d35eabd48136": 207.709852885
}
