{
    "dab5ecb9-154c-45a3-9915-d35eabd48136": 100.0,
    "e3f44260-38e8-42ea-9cb6-01333abe4198": 99.98792714539235,
    "d805404f-38bc-4a19-88e4-d9b411eb0941": 98.8168364324006,
    "d805404f-38bc-4a19-88e4-d9b411eb0941_temp": 98.05805950766042,
    "85b1b70e-5afd-4dd3-8edc-29227b71ce0e": 97.25370441868847,
    "1521478f-c7f7-482d-aaf6-4b9e7fed85e3": 95.91686434904318,
    "dc6daa70-cd9e-4133-99dc-aa4b903569e4": 95.27822049479424,
    "8a9193f1-473a-4e40-a454-a2aee5479a6a": 94.54200367250264,
    "1aa06d0e-ac4c-47db-b843-e63aa1b65a80": 94.1972064285933,
    "aa34e919-60e9-4b14-bf3f-80a67574d304": 93.37256416414316,
    "aa34e919-60e9-4b14-bf3f-80a67574d304_temp": 48.678007531109344,
    "337cd0d6-fca3-4773-aab4-1ff2326e3da4": 48.31876748841187,
    "98db7487-1510-43d0-91b6-0307a3693c90": 47.27620082841723,
    "3b23927c-6762-45f1-aa88-f9abb3f209ee": 46.7676159556738,
    "3b23927c-6762-45f1-aa88-f9abb3f209ee_temp": 1.8950130129990534,
    "6d2f051e-a868-43fe-975f-7d91d4a1a552": 1.5272345430045136,
    "0f494f1e-05ca-4d0b-b663-53d7e0631018": 1.223898751231081,
    "593c52d9-85a0-4ac0-9478-e924e2e5fd96": 1.164551784496819,
    "830d5650-7a8e-4d1b-bcde-6a2ace9d99a5": 0.616626429609479,
    "a6cd1b40-be32-4e84-9a51-f77db44e0c8c": 0.5039097195731563,
    "593c52d9-85a0-4ac0-9478-e924e2e5fd96_temp": 0.4421678222059849,
    "998e6f20-f808-442d-912c-b3af0dca2303": 0.31838189245757986,
    "6afea834-e04a-4ade-9c57-10187b95b286": 0.20223394934936254,
    "0687ffbb-cf21-4d96-9c5d-84e25e3c8c18": 0.19683334367194696,
    "7da005b8-add8-4146-a838-842793de9c24": 0.14105669601736873,
    "56d466ea-a931-45ec-99e5-90b79d7fe656": 0.12204243446535866,
    "2e5240ea-805f-4aa7-b2cd-1da210292b2a": 0.1014233833004778,
    "f0b48515-5720-41cd-99e0-a4993c8f3771": 0.08978781667799204,
    "8e42a667-ceef-4f34-a869-c24940d3db41": 0.027395471109946595,
    "6ab21458-2ad2-40e0-b012-af4c20884ff2": 0.003530041326371774,
    "7da005b8-add8-4146-a838-842793de9c24_temp": 0.002661849841538591,
    "18fa0318-9b9a-4ad0-934c-796c6e48b079": 0.002161603879624011,
    "8e42a667-ceef-4f34-a869-c24940d3db41_temp": 0.0013916587868838459,
    "18fa0318-9b9a-4ad0-934c-796c6e48b079_temp": 0.0004470350009222876,
    "df493b8b-ff65-4ba4-903a-f14d3f538e15": 0.0002896530250967773,
    "2ee509b3-0f78-40e6-8a54-5fbacd4c743e": 0.00026691575101475267,
    "edb2bb29-af12-4402-bdc6-48f6e2ac1aa7": 0.0002419154681300083
}
