{
    "dab5ecb9-154c-45a3-9915-d35eabd48136": 100.0,
    "e3f44260-38e8-42ea-9cb6-01333abe4198": 99.99954939980603,
    "d805404f-38bc-4a19-88e4-d9b411eb0941": 99.82197151561957,
    "d805404f-38bc-4a19-88e4-d9b411eb0941_temp": 99.65745888694364,
    "85b1b70e-5afd-4dd3-8edc-29227b71ce0e": 99.51403994515424,
    "1521478f-c7f7-482d-aaf6-4b9e7fed85e3": 99.28015080063254,
    "dc6daa70-cd9e-4133-99dc-aa4b903569e4": 99.15839947806046,
    "8a9193f1-473a-4e40-a454-a2aee5479a6a": 98.98457426611932,
    "1aa06d0e-ac4c-47db-b843-e63aa1b65a80": 98.88981102293846,
    "aa34e919-60e9-4b14-bf3f-80a67574d304": 98.66386286280961,
    "aa34e919-60e9-4b14-bf3f-80a67574d304_temp": 65.17291396087448,
    "337cd0d6-fca3-4773-aab4-1ff2326e3da4": 65.07498164222196,
    "98db7487-1510-43d0-91b6-0307a3693c90": 64.79940972829985,
    "3b23927c-6762-45f1-aa88-f9abb3f209ee": 64.62891688644315,
    "3b23927c-6762-45f1-aa88-f9abb3f209ee_temp": 0.5157137348670073,
    "6d2f051e-a868-43fe-975f-7d91d4a1a552": 0.42764661168567364,
    "0f494f1e-05ca-4d0b-b663-53d7e0631018": 0.3590865294257127,
    "830d5650-7a8e-4d1b-bcde-6a2ace9d99a5": 0.21772898238505245,
    "593c52d9-85a0-4ac0-9478-e924e2e5fd96": 0.17718693836048546,
    "998e6f20-f808-442d-912c-b3af0dca2303": 0.1491655122261053,
    "a6cd1b40-be32-4e84-9a51-f77db44e0c8c": 0.14306149028208148,
    "0687ffbb-cf21-4d96-9c5d-84e25e3c8c18": 0.060958457310208686,
    "593c52d9-85a0-4ac0-9478-e924e2e5fd96_temp": 0.05704053002511952,
    "8e42a667-ceef-4f34-a869-c24940d3db41": 0.0498303203061363,
    "6afea834-e04a-4ade-9c57-10187b95b286": 0.04540377198775175,
    "56d466ea-a931-45ec-99e5-90b79d7fe656": 0.03687805413949706,
    "2e5240ea-805f-4aa7-b2cd-1da210292b2a": 0.03236732926541642,
    "f0b48515-5720-41cd-99e0-a4993c8f3771": 0.023911999508034316,
    "7da005b8-add8-4146-a838-842793de9c24": 0.0040394126149833265,
    "6ab21458-2ad2-40e0-b012-af4c20884ff2": 0.00013614664690777506,
    "8e42a667-ceef-4f34-a869-c24940d3db41_temp": 0.00012507447113923654,
    "18fa0318-9b9a-4ad0-934c-796c6e48b079": 9.280349358618246e-05,
    "7da005b8-add8-4146-a838-842793de9c24_temp": 5.114008725373808e-05,
    "18fa0318-9b9a-4ad0-934c-796c6e48b079_temp": 1.3559298997526706e-05,
    "edb2bb29-af12-4402-bdc6-48f6e2ac1aa7": 4.83944303093092e-06,
    "2ee509b3-0f78-40e6-8a54-5fbacd4c743e": 4.768189790921193e-06,
    "df493b8b-ff65-4ba4-903a-f14d3f538e15": 4.568391854407432e-06
}
