{
    "e3f44260-38e8-42ea-9cb6-01333abe4198": 57.836362137,
    "593c52d9-85a0-4ac0-9478-e924e2e5fd96_temp": 0.255764661,
    "593c52d9-85a0-4ac0-9478-e924e2e5fd96": 0.673615712,
    "6afea834-e04a-4ade-9c57-10187b95b286": 0.116978882,
    "7da005b8-add8-4146-a838-842793de9c24": 0.081591912,
    "56d466ea-a931-45ec-99e5-90b79d7fe656": 0.070593427,
    "6ab21458-2ad2-40e0-b012-af4c20884ff2": 0.002041894,
    "2e5240ea-805f-4aa7-b2cd-1da210292b2a": 0.058666678,
    "aa34e919-60e9-4b14-bf3f-80a67574d304": 54.009814873,
    "a6cd1b40-be32-4e84-9a51-f77db44e0c8c": 0.29147824,
    "3b23927c-6762-45f1-aa88-f9abb3f209ee": 27.05195367,
    "f0b48515-5720-41cd-99e0-a4993c8f3771": 0.051936277,
    "2ee509b3-0f78-40e6-8a54-5fbacd4c743e": 0.000154393,
    "8e42a667-ceef-4f34-a869-c24940d3db41": 0.015846457,
    "edb2bb29-af12-4402-bdc6-48f6e2ac1aa7": 0.000139932,
    "df493b8b-ff65-4ba4-903a-f14d3f538e15": 0.000167545,
    "998e6f20-f808-442d-912c-b3af0dca2303": 0.184162738,
    "830d5650-7a8e-4d1b-bcde-6a2ace9d99a5": 0.356677356,
    "0f494f1e-05ca-4d0b-b663-53d7e0631018": 0.707943983,
    "6d2f051e-a868-43fe-975f-7d91d4a1a552": 0.883403553,
    "98db7487-1510-43d0-91b6-0307a3693c90": 27.346136175,
    "337cd0d6-fca3-4773-aab4-1ff2326e3da4": 27.94919161,
    "1aa06d0e-ac4c-47db-b843-e63aa1b65a80": 54.486815547,
    "8a9193f1-473a-4e40-a454-a2aee5479a6a": 54.686257808,
    "dc6daa70-cd9e-4133-99dc-aa4b903569e4": 55.112110248,
    "1521478f-c7f7-482d-aaf6-4b9e7fed85e3": 55.481523219,
    "85b1b70e-5afd-4dd3-8edc-29227b71ce0e": 56.254796239,
    "7da005b8-add8-4146-a838-842793de9c24_temp": 0.001539703,
    "18fa0318-9b9a-4ad0-934c-796c6e48b079_temp": 0.00025858,
    "18fa0318-9b9a-4ad0-934c-796c6e48b079": 0.001250344,
    "3b23927c-6762-45f1-aa88-f9abb3f209ee_temp": 1.096138924,
    "0687ffbb-cf21-4d96-9c5d-84e25e3c8c18": 0.113854991,
    "aa34e919-60e9-4b14-bf3f-80a67574d304_temp": 28.156988069,
    "d805404f-38bc-4a19-88e4-d9b411eb0941_temp": 56.720062132,
    "d805404f-38bc-4a19-88e4-d9b411eb0941": 57.15896409,
    "dab5ecb9-154c-45a3-9915-d35eabd48136": 57.84334548,
    "8e42a667-ceef-4f34-a869-c24940d3db41_temp": 0.000804982
}
