{
    "8380e8cf-caa9-43d8-9ace-fd46949b900d": 3.9137309204113855,
    "f2b87716-5013-4368-acc8-5e763033b108": 3.9137309204113855,
    "593c52d9-85a0-4ac0-9478-e924e2e5fd96_temp": 3.909017031379279,
    "1521478f-c7f7-482d-aaf6-4b9e7fed85e3": 3.6276813312808276,
    "85b1b70e-5afd-4dd3-8edc-29227b71ce0e": 3.6027615533246418,
    "6afea834-e04a-4ade-9c57-10187b95b286": 3.6027615533246418,
    "d3bbff3c-89a5-4e7f-a425-a90bb9b28e8b": 3.6027615533246418,
    "e7d9c80f-5b00-41d9-8095-0d84949ea228": 3.601165705475231,
    "448ff278-f3b5-4cf2-af7c-33b6ef415cd6": 3.5851581239703716,
    "d805404f-38bc-4a19-88e4-d9b411eb0941_temp": 3.5804442349382652,
    "8a9193f1-473a-4e40-a454-a2aee5479a6a": 2.159133037242179,
    "dc6daa70-cd9e-4133-99dc-aa4b903569e4": 2.1442302734792187,
    "56d466ea-a931-45ec-99e5-90b79d7fe656": 2.1442302734792187,
    "474af4c9-1e50-4168-87f4-d2704162b4a9": 2.1442302734792187,
    "03ac3742-c987-48a4-b8c7-85d89f2ad267": 2.1395163844471123,
    "6d2f051e-a868-43fe-975f-7d91d4a1a552": 1.8804734512296621,
    "2983844d-d0b4-4bf7-b112-20ce5138822c": 1.8804734512296621,
    "25dc80f0-5a66-44f7-9bf9-68f2de791077": 1.880424348218911,
    "952796c8-3724-4388-943c-37dce62d9742": 1.8799087666060244,
    "f0b48515-5720-41cd-99e0-a4993c8f3771": 1.8798842151006487,
    "e4ddac9b-e0a2-4308-9f12-adcf9b9ace83": 1.8798842151006487,
    "0f494f1e-05ca-4d0b-b663-53d7e0631018": 1.8794177364985134,
    "830d5650-7a8e-4d1b-bcde-6a2ace9d99a5": 1.8794177364985134,
    "b1255ee0-d800-4094-96f0-f0155afe2db0": 1.8794177364985134,
    "998e6f20-f808-442d-912c-b3af0dca2303": 1.8778709916598537,
    "3b23927c-6762-45f1-aa88-f9abb3f209ee_temp": 1.875759562197556,
    "5e7c5e4c-77b8-4346-85b0-af00b2ed4327": 1.875170326068543,
    "e95f6689-a4e5-4c9e-9723-e6789d9bd2a9": 1.8726906240256123,
    "98db7487-1510-43d0-91b6-0307a3693c90": 1.8568794545637566,
    "8b3ed108-fce4-4f9e-93f7-f4e0bdd53e82": 1.8568794545637566,
    "337cd0d6-fca3-4773-aab4-1ff2326e3da4": 1.85614290940249,
    "a6cd1b40-be32-4e84-9a51-f77db44e0c8c": 1.85614290940249,
    "df0fce8f-8176-4427-8609-b27e8f89765c": 1.85614290940249,
    "3580f25a-847e-42b4-a6bf-0fc6b3f671ca": 1.8560938063917387,
    "a4816682-b9cc-4121-9395-dd77c3bf3d88": 1.8546207160692059,
    "428467aa-c782-4571-a1c5-afaef061722a": 1.8524847351015328,
    "aa34e919-60e9-4b14-bf3f-80a67574d304_temp": 1.851429020370384,
    "de1382ed-7700-4669-990d-100886369127": 1.851429020370384,
    "0687ffbb-cf21-4d96-9c5d-84e25e3c8c18": 1.8501523420908554,
    "1aa06d0e-ac4c-47db-b843-e63aa1b65a80": 1.7863920826305464,
    "2e5240ea-805f-4aa7-b2cd-1da210292b2a": 1.7863920826305464,
    "df07db4d-b348-4f5e-a5ac-d56dc6e196f9": 1.7863920826305464,
    "8fd691f2-e558-41b0-9d3c-d9850728eae6": 1.7816781935984405,
    "8e7167ab-786c-4de8-a7cc-2e25528ed770": 0.037539251719219166,
    "1f4f9587-0994-4a3c-a509-da1bec9bb8f7": 0.037514700213843614,
    "7da005b8-add8-4146-a838-842793de9c24_temp": 0.03282536268711316,
    "65895248-9f22-4229-a54c-054e91deddbf": 0.02732582548298949,
    "07930f87-eb58-4cd0-8385-bd2fcdd8d7ed": 0.025459911074447533,
    "769d0403-e919-4013-895c-223eed6ba0d7": 0.023962269246538853,
    "8e42a667-ceef-4f34-a869-c24940d3db41_temp": 0.02074602204234153,
    "16bf5eb0-eaa2-4ba7-b289-a108b59bf593": 0.018855556128424013,
    "e3f44260-38e8-42ea-9cb6-01333abe4198": 0.01507462430058899,
    "8085b042-3ed8-47d1-b1bb-3d0d41abf549": 0.01507462430058899,
    "6ab21458-2ad2-40e0-b012-af4c20884ff2": 0.011563759031885041,
    "d439061e-c8ed-493d-b663-a89bbf3c5b98": 0.011563759031885041,
    "6a8c9294-715f-4eae-87e2-7ef587be5b08": 0.011244589462002862,
    "ede06511-e6e4-41fc-83e5-b0b7d8a3af47": 0.011244589462002862,
    "3c732525-2788-4633-8be7-929f5ea4058d": 0.007193591075036765,
    "2ee509b3-0f78-40e6-8a54-5fbacd4c743e": 0.007193591075036765,
    "684536d7-1c1a-4969-85f8-5da26f611dba": 0.007193591075036765,
    "edb2bb29-af12-4402-bdc6-48f6e2ac1aa7": 0.007193591075036765,
    "87cc1312-38b0-489f-867d-4cb51da5bcdc": 0.007193591075036765,
    "df493b8b-ff65-4ba4-903a-f14d3f538e15": 0.007193591075036765,
    "562189af-c440-46b2-aca6-6adfb4b7d744": 0.007193591075036765,
    "18fa0318-9b9a-4ad0-934c-796c6e48b079_temp": 0.006849869999779037,
    "dab5ecb9-154c-45a3-9915-d35eabd48136": 0.004713889032106003,
    "55cd84ee-5bd6-4a4b-9d15-664717560d3a": 0.002479702042930762,
    "6c30445d-55cb-49bb-83ec-3cb33c0497a6": 0.002479702042930762,
    "17ee10d9-f813-4f51-b528-a41ab44cbbda": 0.002479702042930762,
    "Processing BPI_Challenge_2012": 2.4551505375552102e-05,
    "Adding benchmark: BPI_Challenge_2012_pt50": 2.4551505375552102e-05
}

average depth: 7.900796893152782