{
    "8380e8cf-caa9-43d8-9ace-fd46949b900d": 2.966770455125823,
    "f2b87716-5013-4368-acc8-5e763033b108": 2.966770455125823,
    "593c52d9-85a0-4ac0-9478-e924e2e5fd96_temp": 2.9662092197344796,
    "85b1b70e-5afd-4dd3-8edc-29227b71ce0e": 2.9347800378192477,
    "6afea834-e04a-4ade-9c57-10187b95b286": 2.9347800378192477,
    "d3bbff3c-89a5-4e7f-a425-a90bb9b28e8b": 2.9347800378192477,
    "1521478f-c7f7-482d-aaf6-4b9e7fed85e3": 2.9347800378192477,
    "448ff278-f3b5-4cf2-af7c-33b6ef415cd6": 2.9347800378192477,
    "e7d9c80f-5b00-41d9-8095-0d84949ea228": 2.9346597730925312,
    "d805404f-38bc-4a19-88e4-d9b411eb0941_temp": 2.934218802427904,
    "dc6daa70-cd9e-4133-99dc-aa4b903569e4": 2.283025395500576,
    "56d466ea-a931-45ec-99e5-90b79d7fe656": 2.283025395500576,
    "474af4c9-1e50-4168-87f4-d2704162b4a9": 2.283025395500576,
    "8a9193f1-473a-4e40-a454-a2aee5479a6a": 2.283025395500576,
    "03ac3742-c987-48a4-b8c7-85d89f2ad267": 2.2824641601092326,
    "6d2f051e-a868-43fe-975f-7d91d4a1a552": 2.1147750428242644,
    "2983844d-d0b4-4bf7-b112-20ce5138822c": 2.1147750428242644,
    "25dc80f0-5a66-44f7-9bf9-68f2de791077": 2.1147750428242644,
    "952796c8-3724-4388-943c-37dce62d9742": 2.1146547780975484,
    "f0b48515-5720-41cd-99e0-a4993c8f3771": 2.1146547780975484,
    "e4ddac9b-e0a2-4308-9f12-adcf9b9ace83": 2.1146547780975484,
    "0f494f1e-05ca-4d0b-b663-53d7e0631018": 2.114534513370832,
    "830d5650-7a8e-4d1b-bcde-6a2ace9d99a5": 2.114534513370832,
    "b1255ee0-d800-4094-96f0-f0155afe2db0": 2.114534513370832,
    "3b23927c-6762-45f1-aa88-f9abb3f209ee_temp": 2.1142138074329213,
    "5e7c5e4c-77b8-4346-85b0-af00b2ed4327": 2.114093542706205,
    "998e6f20-f808-442d-912c-b3af0dca2303": 2.1139732779794884,
    "98db7487-1510-43d0-91b6-0307a3693c90": 2.111688248171876,
    "8b3ed108-fce4-4f9e-93f7-f4e0bdd53e82": 2.111688248171876,
    "337cd0d6-fca3-4773-aab4-1ff2326e3da4": 2.111447718718443,
    "a6cd1b40-be32-4e84-9a51-f77db44e0c8c": 2.111447718718443,
    "df0fce8f-8176-4427-8609-b27e8f89765c": 2.111447718718443,
    "3580f25a-847e-42b4-a6bf-0fc6b3f671ca": 2.111447718718443,
    "a4816682-b9cc-4121-9395-dd77c3bf3d88": 2.111247277507249,
    "e95f6689-a4e5-4c9e-9723-e6789d9bd2a9": 2.111247277507249,
    "428467aa-c782-4571-a1c5-afaef061722a": 2.111127012780533,
    "aa34e919-60e9-4b14-bf3f-80a67574d304_temp": 2.1108864833270995,
    "de1382ed-7700-4669-990d-100886369127": 2.1108864833270995,
    "0687ffbb-cf21-4d96-9c5d-84e25e3c8c18": 2.1106860421159053,
    "1aa06d0e-ac4c-47db-b843-e63aa1b65a80": 2.091443685841274,
    "2e5240ea-805f-4aa7-b2cd-1da210292b2a": 2.091443685841274,
    "df07db4d-b348-4f5e-a5ac-d56dc6e196f9": 2.091443685841274,
    "8fd691f2-e558-41b0-9d3c-d9850728eae6": 2.0908824504499304,
    "07930f87-eb58-4cd0-8385-bd2fcdd8d7ed": 0.009861707590748756,
    "769d0403-e919-4013-895c-223eed6ba0d7": 0.009861707590748756,
    "8e42a667-ceef-4f34-a869-c24940d3db41_temp": 0.009300472199405331,
    "8e7167ab-786c-4de8-a7cc-2e25528ed770": 0.004650236099702666,
    "1f4f9587-0994-4a3c-a509-da1bec9bb8f7": 0.004650236099702666,
    "7da005b8-add8-4146-a838-842793de9c24_temp": 0.00408900070835924,
    "65895248-9f22-4229-a54c-054e91deddbf": 0.003928647739403976,
    "16bf5eb0-eaa2-4ba7-b289-a108b59bf593": 0.002244941565373701,
    "e3f44260-38e8-42ea-9cb6-01333abe4198": 0.002244941565373701,
    "8085b042-3ed8-47d1-b1bb-3d0d41abf549": 0.002244941565373701,
    "6ab21458-2ad2-40e0-b012-af4c20884ff2": 0.0018440591429855397,
    "d439061e-c8ed-493d-b663-a89bbf3c5b98": 0.0018440591429855397,
    "6a8c9294-715f-4eae-87e2-7ef587be5b08": 0.0018440591429855397,
    "ede06511-e6e4-41fc-83e5-b0b7d8a3af47": 0.0018440591429855397,
    "18fa0318-9b9a-4ad0-934c-796c6e48b079_temp": 0.0012828237516421146,
    "3c732525-2788-4633-8be7-929f5ea4058d": 0.0007616766025375055,
    "2ee509b3-0f78-40e6-8a54-5fbacd4c743e": 0.0007616766025375055,
    "684536d7-1c1a-4969-85f8-5da26f611dba": 0.0007616766025375055,
    "edb2bb29-af12-4402-bdc6-48f6e2ac1aa7": 0.0007616766025375055,
    "87cc1312-38b0-489f-867d-4cb51da5bcdc": 0.0007616766025375055,
    "df493b8b-ff65-4ba4-903a-f14d3f538e15": 0.0007616766025375055,
    "562189af-c440-46b2-aca6-6adfb4b7d744": 0.0007616766025375055,
    "dab5ecb9-154c-45a3-9915-d35eabd48136": 0.0005612353913434252,
    "55cd84ee-5bd6-4a4b-9d15-664717560d3a": 0.00020044121119408039,
    "6c30445d-55cb-49bb-83ec-3cb33c0497a6": 0.00020044121119408039,
    "17ee10d9-f813-4f51-b528-a41ab44cbbda": 0.00020044121119408039,
    "Adding benchmark: BPI_Challenge_2012_pt50": 4.008824223881608e-05
}

7.900796893152782